PULocationID,predict_hour,pred_rides,hour,dow,is_weekend,hour_sin,hour_cos,dow_sin,dow_cos,lag_1,lag_2,lag_3,lag_24,roll_mean_3,roll_mean_6,roll_mean_24,roll_std_3,roll_std_6,roll_std_24,lstm_pred_rides,LocationID,Borough,Zone,rank_overall
69,2025-08-01,0.09773832,0,4,0,0.0,1.0,-0.433883739117558,-0.900968867902419,28.0,16.0,20.0,18.0,21.33333333333333,22.83333333333333,22.25,6.110100926607786,5.600595206463923,9.718874509897246,0.0,69.0,Bronx,East Concourse/Concourse Village,60
168,2025-08-01,0.09698044,0,4,0,0.0,1.0,-0.433883739117558,-0.900968867902419,23.0,28.0,31.0,20.0,27.33333333333333,28.166666666666668,28.875,4.041451884327381,4.3089055068157,12.008375700173682,0.0,168.0,Bronx,Mott Haven/Port Morris,61
247,2025-08-01,0.084058076,0,4,0,0.0,1.0,-0.433883739117558,-0.900968867902419,17.0,29.0,22.0,32.0,22.666666666666668,25.666666666666668,23.25,6.027713773341707,5.853773711604051,9.08055734738405,0.0,247.0,Bronx,West Concourse,64
254,2025-08-01,0.077265166,0,4,0,0.0,1.0,-0.433883739117558,-0.900968867902419,21.0,32.0,14.0,8.0,22.33333333333333,20.166666666666668,20.666666666666668,9.073771725877467,6.3377177806105145,10.336371689821576,0.0,254.0,Bronx,Williamsbridge/Olinville,69
213,2025-08-01,0.064935535,0,4,0,0.0,1.0,-0.433883739117558,-0.900968867902419,19.0,24.0,24.0,12.0,22.33333333333333,23.83333333333333,22.58333333333333,2.886751345948129,2.6394443859772205,10.757875443505144,0.0,213.0,Bronx,Soundview/Castle Hill,76
61,2025-08-01,0.30105668,0,4,0,0.0,1.0,-0.433883739117558,-0.900968867902419,69.0,74.0,74.0,45.0,72.33333333333333,74.33333333333333,57.75,2.8867513459481287,3.011090610836324,24.87403045958471,0.0,61.0,Brooklyn,Crown Heights North,7
181,2025-08-01,0.26863083,0,4,0,0.0,1.0,-0.433883739117558,-0.900968867902419,78.0,50.0,48.0,21.0,58.66666666666666,53.66666666666666,41.375,16.77299416721217,12.816655830077776,23.53685823665032,0.0,181.0,Brooklyn,Park Slope,11
37,2025-08-01,0.26365322,0,4,0,0.0,1.0,-0.433883739117558,-0.900968867902419,79.0,52.0,54.0,30.0,61.66666666666666,61.0,41.16666666666666,15.044378795195676,9.838699100999074,17.868278101676182,0.0,37.0,Brooklyn,Bushwick South,12
255,2025-08-01,0.23515174,0,4,0,0.0,1.0,-0.433883739117558,-0.900968867902419,60.0,76.0,61.0,32.0,65.66666666666667,59.16666666666666,36.625,8.962886439832502,9.152413160837238,18.509251505783475,0.0,255.0,Brooklyn,Williamsburg (North Side),14
256,2025-08-01,0.20267656,0,4,0,0.0,1.0,-0.433883739117558,-0.900968867902419,45.0,54.0,51.0,36.0,50.0,43.66666666666666,32.791666666666664,4.58257569495584,8.6178110136314,12.806177743799946,0.0,256.0,Brooklyn,Williamsburg (South Side),17
230,2025-08-01,0.39148605,0,4,0,0.0,1.0,-0.433883739117558,-0.900968867902419,89.0,124.0,105.0,78.0,106.0,87.66666666666667,56.958333333333336,17.52141546793523,28.232369129541127,27.557811433684147,0.0,230.0,Manhattan,Times Sq/Theatre District,3
79,2025-08-01,0.35948318,0,4,0,0.0,1.0,-0.433883739117558,-0.900968867902419,84.0,87.0,88.0,44.0,86.33333333333333,69.16666666666667,42.083333333333336,2.081665999466133,19.14593081222918,20.6963904995568,0.0,79.0,Manhattan,East Village,4
148,2025-08-01,0.32544276,0,4,0,0.0,1.0,-0.433883739117558,-0.900968867902419,76.0,89.0,60.0,63.0,75.0,62.16666666666666,40.708333333333336,14.52583904633395,18.19248929274569,22.869153644282445,0.0,148.0,Manhattan,Lower East Side,5
161,2025-08-01,0.32093617,0,4,0,0.0,1.0,-0.433883739117558,-0.900968867902419,89.0,101.0,153.0,56.0,114.33333333333331,108.0,65.0,34.01960219246153,24.8112877537624,40.46791536406396,0.0,161.0,Manhattan,Midtown Center,6
249,2025-08-01,0.29304317,0,4,0,0.0,1.0,-0.433883739117558,-0.900968867902419,79.0,101.0,69.0,36.0,83.0,63.0,36.208333333333336,16.3707055437449,25.79922479455536,21.65736980029354,0.0,249.0,Manhattan,West Village,8
138,2025-08-01,0.641353,0,4,0,0.0,1.0,-0.433883739117558,-0.900968867902419,132.0,152.0,160.0,191.0,148.0,131.0,81.83333333333333,14.422205101855956,26.55560204551951,55.142240312365495,0.0,138.0,Queens,LaGuardia Airport,1
132,2025-08-01,0.4627081,0,4,0,0.0,1.0,-0.433883739117558,-0.900968867902419,98.0,96.0,133.0,132.0,109.0,108.66666666666669,63.458333333333336,20.808652046684813,19.73490984693537,36.95353035634216,0.0,132.0,Queens,JFK Airport,2
130,2025-08-01,0.16392043,0,4,0,0.0,1.0,-0.433883739117558,-0.900968867902419,36.0,44.0,32.0,30.0,37.333333333333336,37.833333333333336,35.958333333333336,6.110100926607787,4.020779360604939,18.362246634038968,0.0,130.0,Queens,Jamaica,30
7,2025-08-01,0.16348809,0,4,0,0.0,1.0,-0.433883739117558,-0.900968867902419,39.0,35.0,51.0,29.0,41.66666666666666,44.66666666666666,41.458333333333336,8.32666399786453,14.22204861005146,16.52660349825111,0.0,7.0,Queens,Astoria,31
145,2025-08-01,0.16088027,0,4,0,0.0,1.0,-0.433883739117558,-0.900968867902419,36.0,44.0,45.0,25.0,41.66666666666666,42.16666666666666,36.29166666666666,4.932882862316248,6.794605703546503,17.99391000037094,0.0,145.0,Queens,Long Island City/Hunters Point,32
156,2025-08-01,0.020900317,0,4,0,0.0,1.0,-0.433883739117558,-0.900968867902419,8.0,4.0,1.0,7.0,4.333333333333333,6.666666666666667,6.833333333333333,3.511884584284246,4.633213427705081,3.806934938134405,0.0,156.0,Staten Island,Mariners Harbor,175
206,2025-08-01,0.019916484,0,4,0,0.0,1.0,-0.433883739117558,-0.900968867902419,4.0,7.0,5.0,2.0,5.333333333333333,8.5,10.166666666666666,1.5275252316519463,3.6193922141707713,6.913544781750919,0.0,206.0,Staten Island,Saint George/New Brighton,185
214,2025-08-01,0.018922197,0,4,0,0.0,1.0,-0.433883739117558,-0.900968867902419,5.0,7.0,3.0,6.0,5.0,4.833333333333333,5.0,2.0,1.4719601443879746,2.7026556987687047,0.0,214.0,Staten Island,South Beach/Dongan Hills,186
23,2025-08-01,0.018315773,0,4,0,0.0,1.0,-0.433883739117558,-0.900968867902419,4.0,6.0,6.0,3.0,5.333333333333333,7.166666666666667,6.625,1.1547005383792517,2.401388487243717,3.5363024167354093,0.0,23.0,Staten Island,Bloomfield/Emerson Hill,192
221,2025-08-01,0.017311545,0,4,0,0.0,1.0,-0.433883739117558,-0.900968867902419,4.0,5.0,10.0,8.0,6.333333333333333,5.666666666666667,7.5,3.214550253664318,2.422120283277993,3.90094748802747,0.0,221.0,Staten Island,Stapleton,201
